{"cameraMode":{"drawMode":0,"name":"Shaded","section":"Shading Mode"},"sceneLighting":false,"audioPlay":false,"sceneViewState":{"showFog":false,"showMaterialUpdate":false,"showSkybox":false,"showFlares":false,"showImageEffects":false,"showParticleSystems":false},"in2DMode":false,"pivot":{"x":44.252418518066409,"y":-3.2303876876831056,"z":-0.11163330078125},"rotation":{"x":-0.004809672944247723,"y":-0.000902544183190912,"z":0.000006299285814748146,"w":-0.9999926686286926},"size":235.53733825683595,"orthographic":false}